,PETR4,VALE3,ITUB4,BBDC4,ABEV3,WEGE3,RENT3,BBAS3
PETR4,1.0,0.45838460647975726,0.482324187795807,0.4957978074147164,0.36615039016932466,0.40858710742171644,0.23435933430299039,0.34218151158442944
VALE3,0.45838460647975726,1.0,0.699230546665573,0.7187814982564044,0.5996950740217108,0.5111745850051781,0.3733809948775061,0.2949943765974463
ITUB4,0.482324187795807,0.699230546665573,1.0,0.7957309271091675,0.4895508814087164,0.5020911218527545,0.372516679287188,0.2621639015710032
BBDC4,0.4957978074147164,0.7187814982564044,0.7957309271091675,1.0,0.48487872654503206,0.4811234223157148,0.3571580306961663,0.283502744540896
ABEV3,0.36615039016932466,0.5996950740217108,0.4895508814087164,0.48487872654503206,1.0,0.39582382659333576,0.459452470230045,0.31959496507228535
WEGE3,0.40858710742171644,0.5111745850051781,0.5020911218527545,0.4811234223157148,0.39582382659333576,1.0,0.28189683998815784,0.4068516063130528
RENT3,0.23435933430299039,0.3733809948775061,0.372516679287188,0.3571580306961663,0.459452470230045,0.28189683998815784,1.0,0.25849910307224205
BBAS3,0.34218151158442944,0.2949943765974463,0.2621639015710032,0.283502744540896,0.31959496507228535,0.4068516063130528,0.25849910307224205,1.0
